Nombre,
CAMACHO PEREZ JOSE RODRIGO,Gaby
ZAMUDIO RIVERA LUIS SILVESTRE,
HERNANDEZ ALTAMIRANO RAUL,
VAZQUEZ MORENO FLAVIO SALVADOR,
ALVAREZ RAMIREZ FERNANDO,
MENA CERVANTES VIOLETA YASMIN,
FLORES OROPEZA EUGENIO ALEJANDRO,
LOZADA Y CASSOU MARCELO,
FLORES SANDOVAL CESAR ANDRES,
ANCHEYTA JUAREZ JORGE,
CASTRO SOTELO LAURA VERONICA,
TOLEDO ANTONIO JOSE ANTONIO,
LOPEZ SALINAS ESTEBAN,
CABRERA LLANOS ROBERTO MARCOS,
BELTRAN CONDE HIRAM ISAAC,
DOMINGUEZ ESQUIVEL JOSE MANUEL,
ANGELES CHAVEZ CARLOS,
CORTES JACOME MARIA ANTONIA,
FERRAT TORRES GERARDO,
HERNANDEZ CORTEZ JOSE GONZALO,
BUENROSTRO GONZALEZ EDUARDO,
GUERRA ZUBIAGA DAVID APOLINAR,
LUNA ROJERO ERICK EMANUEL,
ABURTO ANELL JORGE ARTURO,
MARROQUIN SANCHEZ GUSTAVO JESUS,
CENTENO NOLASCO GUILLERMO,
JIMENEZ CRUZ FEDERICO JESUS,
RUIZ MORALES YOSADARA,
RAYO MAYORAL PATRICIA,
RAMIREZ SABAG JETZABETH,Félix
GUZMAN LUCERO DIEGO JAVIER,
DOMINGUEZ AGUILAR MARCO ANTONIO,
RAMIREZ SOLIS JORGE FERNANDO,
HERRERA ESTRELLA LUIS RAFAEL,
ALONSO VILATELA MARIA ELISA,
GEVORGYAN GOHAR,
DURAN VALENCIA CECILIA DE LOS ANGELES,
PALOMEQUE SANTIAGO JORGE FROYLAN,
ZAPATA PEÑASCO NORMA ICOQUIH,
CAMPOS CANTON ERIC,
CRUZ BARBA LUIS EMILIO,
CENDEJAS SANTANA GABRIEL,
POSSANI POSTAY LOURIVAL DOMINGOS,
CANO DOMINGUEZ JOSE LUIS,
ROSADO LORIA JORGE LUIS,
MONTARAZ CRESPO JUAN ANTONIO,
LAREDO SANCHEZ GEORGINA CECILIA,
HERNANDEZ PEREZ FIDENCIO,
GARCIA GUTIERREZ JOSE LUIS,
GOMEZ ALDAPA CARLOS ALBERTO,
GARIBAY FEBLES VICENTE,
ROLDAN CARRILLO TERESA GUADALUPE,
MAITY SAMIR KUMAR,
CABRERA AQUINO JOSE GUSTAVO,
SEGURA PACHECO BLANCA ANGELICA,
RODRIGUEZ SALINAS JUAN JOSE,
ACEVES DIEZ ANGEL EMILIO,
AQUINO OLIVOS MARCO ANTONIO,
CASTORENA CORTES GLADYS TERESA,
QUEJ AKE LUIS MANUEL,Fer
TOVAR LOPEZ FRANCISCO JAVIER,
MURRIETA GUEVARA FLORENTINO RAFAEL,
SALMON SALAZAR MANUEL DE JESUS,
BAEZA RAMIREZ MARIA ISABEL,
ALAGON CANO ALEJANDRO,
LARA OCHOA JOSE MANUEL FRANCISCO,
CHICUREL Y UZIEL ENRIQUE JAIME,
ELIZALDE GONZALEZ MARIA DE LA PAZ,
SCIUTTO CONDE EDDA LYDIA,
ANGELES ALVAREZ PEDRO GUILLERMO,
RITO PALOMARES MARCO ANTONIO,
MORAN PINEDA FLORENCIA MARINA,
ITURRIAGA DE LA FUENTE GABRIEL,
LICEA NAVARRO ALEXEI FEDOROVISH,
CORNEJO CRUZ JUAN MANUEL,
STOCK SILBERMAN ROBERTO PABLO,
FEMAT FLORES ALEJANDRO RICARDO,
DOUDA YOURI,
ASCANIO GASCA GABRIEL,
DIAZ RUIZ MARIA DE LOS ANGELES ARAC,
CASTAÑON AVILA GERARDO ANTONIO,
DUARTE VAZQUEZ MIGUEL ANGEL,
VILCHIS GONZALEZ ADRIANA HERLINDA,
RAMOS CERRILLO BLANCA MARGARITA,
PEREZ TORRES CLAUDIA ANAHI,
MIRANDA OLVERA ALMA DELIA,
PAZ MICHEL BRENDA ASTRID,
GRANADOS COVARRUBIAS EVIN HAZAEL,
LUJAN MONTELONGO JESUS ARMANDO,
VALLEJO CARDONA ALBA ADRIANA,Jairo
ROJAS GARCIA JOSE MANUEL,
CAMPOS CANTON ISAAC,
JUAREZ RUIZ JUAN MANUEL,
GALINDO ESQUIVEL IGNACIO RENE,
SEGURA VELAZQUEZ RENE ALVARO,
ORRANTIA BORUNDA ERASMO,
FARIAS MANCILLA JOSE RURIK,
GARCIA FLORES BLANCA ESTELA,
VAZQUEZ NAVA NIMROD,
OLIVARES LECONA JOSE ALBERTO,
CERVANTES TORRES JACQUELYNNE BRENDA,
TORRES OLGUIN RAYMUNDO ENRIQUE,
SANTOS CUEVAS CLARA LETICIA,
LEYVA INZUNZA ZENAIDA CAROLINA,
CORTES RAMIREZ JORGE ARMANDO,
MONTIEL SANCHEZ LUISA ELENA,
MOCTEZUMA BERTHIER ANDRES EDUARDO,
GARCIA MARTINEZ MOISES,
ESPINOZA GONZALEZ CARLOS JOSE,
ALCANTAR CAMARENA VICTOR ALFONSO,
PERERA MERCADO YIBRAN ARGENIS,
PEÑA DUQUE MARCO ANTONIO,
LOPEZ LIMA JOSE DANIEL,
VAZQUEZ OVIEDO ERICK ISRAEL,
TERVEN SALINAS JUAN RAMON,
ORNELAS GUTIERREZ CARLOS ELIAS,
ORNELAS DAVILA OMAR,
RUIZ SCHNEIDER ELFEGO GUILLERMO,
CHICUREL UZIEL RICARDO,
RODRIGUEZ RODRIGUEZ JOAQUIN HECTOR,Diego
OLAYO GONZALEZ ROBERTO,
CASTAÑO MENESES VICTOR MANUEL,
PEREZ ROBLES JUAN FRANCISCO,
MARCHETTI TIRABOSCHI SERGIO VLADIMIRO,
SERNA SALDIVAR SERGIO ROMAN OTHON,
GARZON TIZNADO JOSE ANTONIO,
IBARRA VELARDE OSVALDO FROYLAN,
RODRIGUEZ FERNANDEZ OLIVERIO SANTIAGO,
ACOSTA ORTIZ SOFIA ELIZABETH,
VEGA Y SAENZ DE MIERA MARIA DEL ROSARIO GUADALUPE,
CASTILLEJOS ESCOBAR ALFONSO HUMBERTO,
PACHECO SOTELO JOEL OSVALDO,
VERA MONTENEGRO REMEDIOS YOLANDA,
LOPEZ GOERNE TESSY MARIA,
GOSSET LAGARDA GUILLERMO,
AGUILAR ESCALANTE RODOLFO ANTONIO,
SOTO PEREDO CLAUDIA ANGELICA,
GORDILLO MOSCOSO JOSE LUIS,
GALLEGOS CAZARES SERGIO,
TORRES MONTALVO JOSE HERIBERTO,
ROFFE SAMANIEGO NORMA FRIDA,
MARTINEZ JIMENEZ ALFREDO,
HERRERA ESTRELLA ALFREDO HERIBERTO,
VIADER SALVADO JOSE MARIA,
REYES ESPARZA JORGE ALBERTO,
LUNA AGUILAR ESTEBAN ANTOLIN,
BOSQUES PADILLA FRANCISCO JAVIER,
PERCINO ZACARIAS MARIA JUDITH,
HERNANDEZ CAMPOS MARIA ALICIA,
BRUCE DAVIDSON NEIL CHARLES,Rosa
BORBOLLA ESCOBOZA JOSE RAFAEL,
VARGAS ARISPURO IRASEMA DEL CARMEN,
CARRILLO PEDROZA FRANCISCO RAUL,
RUIZ SOTO GABRIELA MARIA,
DE LEON SAENZ MARIA ESTHER,
MORALES CORONA JUAN,
ROJAS AVELIZAPA NORMA GABRIELA,
ESCOBAR BARRIOS VLADIMIR ALONSO,
ZARAGOZA CONTRERAS ERASTO ARMANDO,
GARCIA CERDA LUIS ALFONSO,
SEGOVIA QUINTERO MANUEL ALBERTO,
HERNANDEZ ROJO MARCO ANTONIO,
MORGAN SAGASTUME JUAN MANUEL,
VALDIVIEZO MIJANGOS OSCAR CERAPIO,
BARROSO VILLA JUAN GERARDO,
NEIRA VELAZQUEZ MARIA GUADALUPE,
ESCUDERO URIBE APOLO ZEUS,
ALVAREZ GAYOSSO CARLOS ANDRES,
LOPEZ ZAVALA MIGUEL ANGEL,
LUNA PIZARRO DANIEL,
HERNANDEZ ROMERO YANET MICAHELA,
CONTRERAS RAMOS SILVIA MARIBEL,
ALONSO GARCIA ANA LUCIA,
ZAMORA ESQUIVEL JULIO CESAR,
DOMINGUEZ MALDONADO JORGE ARTURO,
ABSALON CONSTANTINO ANGEL EDUARDO,
ZEPEDA PARTIDA TRINO ARMANDO,
VALDEZ FERNANDEZ ANDRES ALEJANDRO,
CHAUVIN ANNE-LAURE PATRICIA,
CAMPORREDONDO SAUCEDO JESUS EMILIO,Vicente
ORTIZ GARCIA DIANA MARIA,
PEREZ SANCHEZ ALFONSO,
FLORES VALDEZ MARIO ALBERTO,
RAMIREZ VERDUZCO LUIS FELIPE,
RODRIGUEZ DOMINGUEZ JOSE MANUEL,
OLIVARES XOMETL CRESCENCIO OCTAVIO,
DIAZ DE LEON GOMEZ RAMON ENRIQUE,
VALDEZ CRUZ NORMA ADRIANA,
REYES VIDAL MARIA YOLANDA,
ESPINO SOLIS GERARDO PAVEL,
RODRIGUEZ LELIS JOSE MARIA,
VILLANUEVA LOPEZ GUADALUPE CLEVA,
SALGADO CEBALLOS HERMELINDA,
BARAJAS RAMIREZ JUAN GONZALO,
GARCIA CASILLAS PERLA ELVIA,
AMEZCUA ALLIERI MYRIAM ADELA,
RANGEL MENDEZ JOSE RENE,
FLORES GALLARDO SERGIO GABRIEL,
MENDOZA PEREZ JORGE ALBERTO,
CAMACHO LOPEZ MIGUEL ANGEL,
GARNICA GARZA HECTOR MAURICIO,
FIGUEROA YAÑEZ LUIS JOEL,
HUERTA BERISTAIN GERARDO,
DIAZ DE LEON HERNANDEZ JORGE NOE,
CAMACHO VILLEGAS TANYA AMANDA,
UTRILLA CARRERI JOSE,
GONGORA CASTILLO ELSA BEATRIZ,
SANTIAGO GARCIA JOSE LUIS,
CORDOURIER MARURI HECTOR ALFONSO,
MORALES GUADARRAMA JUAN CARLOS AXAYACATL,Alejandro
ALVAREZ MAJMUTOV ANTON,
ALVAREZ MEJIA ANA LAURA,
HERNANDEZ AVALOS PEDRO AARON,
HERNANDEZ MAYA ROBERTO CARLOS,
BOTELLO MENDEZ ANDRES RAFAEL,
MORALES REYNAGA LLUVIA CAROLINA,
GONZALEZ HERRERA IRMA GABRIELA,
REGLA CONTRERAS JOSE IGNACIO,
ALZATE GAVIRIA LILIANA MARIA,
GARCIA HERNANDEZ JOSE JUAN,
SUAREZ DOMINGUEZ EDGARDO JONATHAN,
BENAVIDES LOZANO JORGE ALEJANDRO,
DELGADO COELLO BLANCA ALICIA,
MARTINEZ CASTAÑON GABRIEL ALEJANDRO,
RAMOS MURILLO MANUEL ANTONIO,
RIVILLAS ACEVEDO LINA ANDREA,
FUENTES AGUILAR RITA QUETZIQUEL,
SANCHEZ PARDO MARIA ELENA,
LORIA BASTARRACHEA MARIA ISABEL DE LOS DOLORES,
BADILLO CORONA JESUS AGUSTIN,
FLORES RAMOS MIGUEL ANGEL,
RODRIGUEZ SANCHEZ DARIANA GRACIELA,
GUTIERREZ URIBE JANET ALEJANDRA,
RUIZ RUIZ FEDERICO AUGUSTO,
VILLARREAL GUERRA BLANCA LORENA,
SANCHEZ LLAMAZARES JOSE LUIS,
ENRIQUEZ CARREJO JOSE LUIS,
PONCE ESPINOSA HIRAM EREDIN,
IBARRA GAYTAN PABLO JESUS,
LEAL CHAVEZ DANIEL ARTURO,
SANCHEZ VALDES CESAR FIDEL,
